SCHOOL,PROGRAM,DEGREE,ONLINE,ONCAMPUS,COUNTRY,STATE,CITY,DEPARTMENT,URL
Auburn University,Online Master of Business Administration with concentration in Business Analytics,M,F,T,US,AL,Auburn,Raymond J. Harbert College of Business,http://harbert.auburn.edu/academics/online-programs/mba-online/index.php
Auburn University,Data Science,B,F,T,US,AL,Auburn,Business,http://harbert.auburn.edu/academics/undergraduate/business-analytics/index.php
The University of Alabama,"Master of Science in Marketing, Specialization in Marketing Analytics",M,T,F,US,AL,Tuscaloosa,Manderson Graduate School of Business,http://bamabydistance.ua.edu/degrees/ms-in-marketing-with-a-specialization-in-marketing-analytics/index.php
The University of Alabama,MS in Operations Management - Decision Analytics Track,M,F,T,US,AL,Tuscaloosa,Manderson Graduate School of Business,http://bamabydistance.ua.edu/degrees/ms-in-operations-management-online/curriculum/decision-analytics-track.php
The University of Alabama,"M.S. degree in Applied Statistics, Data Mining Track",M,F,T,US,AL,Tuscaloosa,Manderson Graduate School of Business,http://manderson.cba.ua.edu/academics/departments/masters_program/master_of_science_in_applied_statistics
The University of Alabama,MBA with concentration in Business Analytics,M,T,F,US,AL,Tuscaloosa,Culverhouse College of Commerce,http://manderson.cba.ua.edu/academics/departments/mba_program/curriculum
Arkansas Tech University,Business Data Analytics,B,F,T,US,AR,Russellville,Business,http://www.atu.edu/business/programs_bdanalytics.php
University of Arkansas,Graduate Certificate in Business Analytics,C,T,F,US,AR,Fayetteville,Sam M. Walton College of Business,http://gsb.uark.edu/business-analytics-certificate/
University of Arkansas,Master of Information Systems with Business Analytics Concentration,M,F,T,US,AR,Fayetteville,Sam M. Walton College of Business,http://gsb.uark.edu/master-of-information-systems/
University of Arkansas,Professional Master of Information Systems,M,F,T,US,AR,Fayetteville,Sam M. Walton College of Business,http://online.uark.edu/programs/professional-master-information-systems.html
University of Arkansas at Little Rock,Information Quality Program,M,F,T,US,AR,,Information Quality,http://ualr.edu/informationquality/
University of Arkansas at Little Rock,Information Quality Program PhD,D,F,T,US,AR,,Information Quality,http://ualr.edu/informationquality/phd
Arizona State University,Business Analytics,M,F,T,US,AZ,Tempe,Business,http://wpcarey.asu.edu/masters-programs/business-analytics
Arizona State University,Business Data Analytics,B,F,T,US,AZ,Tempe,Business,http://wpcarey.asu.edu/undergraduate-degrees/data-analytics
Arizona State University,Master of Science in Business Analytics,M,T,F,US,AZ,Tempe,W.P. Carey School of Business,https://programs.wpcarey.asu.edu/masters-programs/online-business-analytics
University of Arizona,Business Intelligence & Analytics (Certificate NDP),C,F,T,US,AZ,Tucson,"Management Information Systems (MIS) Department, in association with t",http://grad.arizona.edu/programs/programinfo/BIACRTG
California Polytechnic State University,Data Science Minor,B,F,T,US,CA,San Luis Obispo,College of Science and Mathematics,http://catalog.calpoly.edu/collegesandprograms/collegeofsciencemathematics/statistics/crossdisciplinarystudiesminordatascience/
California State University-East Bay,Master of Science in Business Administration: Business Analytics Option,M,T,F,US,CA,Hayward,College of Business and Economics,http://www20.csueastbay.edu/cbe/msba/index.html
California State University-Fullerton,Master of Science in Information Systems and Decision Sciences,M,T,F,US,CA,Fullerton,Mihaylo College of Business and Economics,http://business.fullerton.edu/graduateprograms/msis/
California State University-Fullerton,Certificate in Data Science,C,T,F,US,CA,Fullerton,University Extended Education,http://extension.fullerton.edu/ProfessionalDevelopment/Certificates/Data-Science
California State University-Fullerton,Certificate in Healthcare Analytics,C,T,F,US,CA,Fullerton,University Extended Education,http://extension.fullerton.edu/ProfessionalDevelopment/Certificates/Healthcare-Analytics
California State University-Fullerton,MBA with Business Analytics,M,F,T,US,CA,Fullerton,Mihaylo College of Business and Economics,http://catalog.fullerton.edu/preview_program.php?catoid=2&poid=473&returnto=143
California State University-Long Beach,Master of Science in Applied Statistics,M,T,F,US,CA,Long Beach,Department of Mathematics and Statistics,http://www.csulb.edu/divisions/aa/catalog/current/cnsm/mathematics/mathms05.html
California State University-San Bernardino,Master of Business Administration (M.B.A.) - Business Intelligence and Information Technology Focus,M,F,T,US,CA,San Bernardino,College of Business and Public Administration,http://bulletin.csusb.edu/colleges-schools-departments/business-public-administration/mba/
Chapman University,Master of Science in Computational and Data Sciences,M,T,F,US,CA,Orange,Schmid College of Science & Technology,http://www.chapman.edu/scst/graduate/ms-computational-sciences.aspx
Chapman University,Computational and Data Sciences,D,F,T,US,CA,,Interdisciplinary,http://www.chapman.edu/scst/graduate/phd-computational-science.aspx
Claremont Graduate University,Masters of Science in Information Systems & Technology: Concentration in Data Science & Analytics,M,F,T,US,CA,Claremont,Center for Information Systems and Technology (CISAT),http://www.cgu.edu/pages/6650.asp
Galvanize U,Master of Engineering in Big Data,M,F,T,US,CA,San Francisco,Partnership w/University of New Haven,http://www.galvanizeu.com/
National University,Master of Science in Data Analytics,M,F,T,US,CA,La Jolla,"School of Engineering, Technology and Media",http://www.nu.edu/OurPrograms/SchoolOfEngineeringAndTechnology/ComputerScienceAndInformationSystems/Programs/MasterofScienceinDataAnalytics.html
National University,Master of Science in Health and Life Science Analytics,M,F,T,US,CA,La Jolla,School of Health and Human Services,http://www.nu.edu/OurPrograms/SchoolOfHealthAndHumanServices/CommunityHealth/Programs/MasterofScienceinHealth&LifeScienceAnalytics.html
San Jose State University,Online Business Analytics Certificate,C,F,T,US,CA,San Jose,Lucas Graduate School of Business,http://www.sjsu.edu/lucasschool/bacertificate/
Santa Clara University,MBA with concentration in Data Science and Business Analytics,M,T,F,US,CA,Santa Clara,Leavey School of Business,http://www.scu.edu/business/graduates/current-students/data-science.cfm
Stanford University,"Master of Science In Computer Science, Specialization in Information Management and Analytics",M,F,T,US,CA,Stanford,Department of Computer Science,http://cs.stanford.edu/degrees/mscs/specializations/#IMA
Stanford University,Mining Massive Data Sets Graduate Certificate,C,F,F,US,CA,Stanford,Center for Professional Development,http://scpd.stanford.edu/public/category/courseCategoryCertificateProfile.do?method=load&certificateId=10555807
Stanford University,Data Mining and Applications Graduate Certificate,C,F,T,US,CA,Stanford,Center for Professional Development,http://scpd.stanford.edu/public/category/courseCategoryCertificateProfile.do?method=load&certificateId=1209602
Stanford University,Biomedical Informatics MS Degree,M,F,T,US,CA,Stanford,School of Medicine: Department of Biomedial Informatics,http://scpd.stanford.edu/public/category/courseCategoryCertificateProfile.do?method=load&certificateId=1240186#searchResults
Stanford University,M.S. in Statistics: Data Science,M,T,F,US,CA,Stanford,Department of Statistics,https://statistics.stanford.edu/academics/ms-statistics-data-science
University of California Hastings College of Law,Master of Information Management and Systems,M,F,T,US,CA,San Francisco,School of Information,http://www.ischool.berkeley.edu/programs/mims
University of California-Davis,Hybrid MBA with Business Analytics and Technologies Concentration,M,F,T,US,CA,Davis,Graduate School of Management,http://gsm.ucdavis.edu/bay-area-mba
University of California-Davis,Master's of Health Informatics,M,T,T,US,CA,Davis,School of Medicine,http://www.ucdmc.ucdavis.edu/informatics/masters/
University of California-Irvine,Data Science,B,F,T,US,CA,Irvine,Statistics,http://www.stat.uci.edu/ugrad/datascience
University of California-Irvine,Business Intelligence & Data Warehousing Certificate,C,T,F,US,CA,Irvine,UCI Extension School,http://unex.uci.edu/areas/it/data_warehousing/
University of California-Irvine,Predictive Analytics Certificate Program,C,T,F,US,CA,Irvine,UCI Extension School,http://unex.uci.edu/areas/it/predictive_analytics/
University of California-San Diego,Data Mining Certificate,C,T,F,US,CA,La Jolla,UC San Diego Extension School,http://extension.ucsd.edu/programs/index.cfm?vAction=certDetail&vCertificateID=128&vStudyAreaID=14
University of California-San Diego,Master of Advanced Study in Data Science and Engineering,M,F,T,US,CA,La Jolla,Departments of Computer Science and Engineering,http://www.jacobsschool.ucsd.edu/mas/dse/index.sfe
University of California-San Diego,Master of Science in Business Analytics,M,F,T,US,CA,La Jolla,Rady School of Management,http://rady.ucsd.edu/msba/
University of California-Berkeley,Information and Data Science,M,T,F,US,CA,,School of Information,http://datascience.berkeley.edu/
University of California-Berkeley,Business Intelligence and SAS Analytics Software,C,F,T,US,CA,,,http://extension.berkeley.edu/public/category/courseCategoryCertificateProfile.do?method=load&certificateId=17152&selectedProgramAreaId=15499&selectedProgramStreamId=16388
University of California-Berkeley,Data Science and Systems Concentration,M,F,T,US,CA,,Engineering,http://www.eecs.berkeley.edu/MEng/index.shtml
University of San Francisco,Master of Science in Analytics,M,T,T,US,CA,San Francisco,College of Arts and Sciences,http://www.usfca.edu/analytics/
University Of San Francisco,Data Science,B,F,T,US,CA,,,http://usfca.edu/artsci/bsds/
University of Southern California,Master of Science in Computer Science - Data Science,M,F,T,US,CA,Los Angeles,Viterbi School of Engineering,http://gapp.usc.edu/graduate-programs/masters/computer-science/data-science
University of Southern California,Master of Science in Healthcare Decision Analysis Concentration in Business Intelligence,M,T,F,US,CA,Los Angeles,School of Pharmacy,http://hcda.usc.edu/program/
University of Southern California,Master of Science in Business Analytics,M,T,F,US,CA,Los Angeles,Marshall School of Business,http://www.marshall.usc.edu/msanalytics
University of the Pacific,Master of Science in Analytics,M,T,F,US,CA,Stockton,School of Engineering and Computer Science,http://www.pacific.edu/Academics/Schools-and-Colleges/School-of-Engineering-and-Computer-Science/Academics-/MS-Analytics-Program.html
American Sentinel University,Master of Science Business Intelligence and Analytics (MSBIA),M,F,T,US,CO,Aurora,None listed,http://www.americansentinel.edu/management/m-s-business-intelligence
Aspen University,Master of Science in Technology and Innovation - Business Intelligence and Data Management,M,T,F,US,CO,Denver,None listed,http://www.aspen.edu/degrees/masters-degree/master-of-science-in-technology-and-innovation-business-intelligence-and-data-management
Colorado State University-Fort Collins,Graduate Certificate in Business Intelligence,C,F,T,US,CO,Fort Collins,College of Business,http://biz.colostate.edu/degreesCertificates/Pages/certificatePrograms.aspx
Colorado State University-Fort Collins,Applied Statistics Certificate,C,F,T,US,CO,Fort Collins,Department of Statistics,http://www.online.colostate.edu/certificates/applied-statistics/
Colorado State University-Fort Collins,Data Analysis Certificate,C,T,F,US,CO,Fort Collins,Department of Statistics,http://www.online.colostate.edu/certificates/data-analysis/
Colorado State University-Fort Collins,Master of Applied Statistics (M.A.S.),M,F,T,US,CO,Fort Collins,Department of Statistics,http://www.online.colostate.edu/degrees/applied-statistics/
Colorado State University-Global Campus,Certificate in Business Intelligence,C,F,T,US,CO,Greenwood Village,None listed,https://csuglobal.edu/graduate/programs/certificates-completion/business-intelligence/
Colorado Technical University,Big Data Analytics,D,T,T,US,CO,,,http://www.coloradotech.edu/degrees/doctorates/computer-science/big-data
Regis University,Graduate Certificate in Data Science,C,T,F,US,CO,Denver,College of Computer and Information Sciences,http://www.regis.edu/CCIS/Academics/Degrees-Programs/Certificates/GC-Data-Science.aspx
Regis University,Data Science,M,T,T,US,CO,Denver,College of Computer and Information Sciences,http://www.regis.edu/CCIS/Academics/Degrees-Programs/Graduate-Programs/MS-Data-Sciences.aspx
University of Colorado Boulder,Master of Science in Business Analytics,M,F,T,US,CO,Boulder,Leeds School of Business,http://www.colorado.edu/leedsms/ms-programs
University of Colorado Denver,MS in Decision Sciences,M,F,T,US,CO,Denver,Business School,http://catalog.ucdenver.edu/preview_program.php?catoid=10&poid=2105&returnto=1350
University of Colorado Denver,Graduate Applied Statistics Certificate,C,F,T,US,CO,Denver,College of Arts and Sciences: Department of Mathematical and Statistical Sc,http://catalog.ucdenver.edu/preview_program.php?catoid=7&poid=1329&returnto=827
University of Colorado Denver,MS in Business Analytics - Big Data Specialization,M,T,F,US,CO,Denver,Business School,http://www.ucdenver.edu/academics/colleges/business/degrees/ms/business-analytics/Pages/Big-Data.aspx
University of Colorado Denver,MS in Information Systems - Business Intelligence,M,T,F,US,CO,Denver,Business School,http://www.ucdenver.edu/academics/colleges/business/degrees/ms/IS/Pages/Business-Intelligence-Systems.aspx
University of Colorado Denver,Master of Science in Information Systems,M,F,T,US,CO,Denver,Business School,http://www.ucdenver.edu/academics/colleges/business/degrees/ms/IS/Pages/Information-Systems.aspx
University of Denver,Business Information and Analytics Certificate,C,F,T,US,CO,Denver,Daniels College of Business,http://daniels.du.edu/academic-programs/certificates-professional-development/graduate-business-certificates/business-information-analytics/
University of Denver,Master of Science in Business Analytics,M,T,F,US,CO,Denver,Daniels College of Business,http://daniels.du.edu/masters-degrees/business-analytics/
Central Connecticut State University,Data Mining,M,T,F,US,CT,,,http://web.ccsu.edu/datamining/
Central Connecticut State University,Graduate Certificate in Data Mining,C,T,F,US,CT,New Britain,Department of Mathematical Sciences,http://web.ccsu.edu/datamining/graduate%20certificate.html
Quinnipiac University,Master of Science in Business Analytics,M,T,F,US,CT,Hamden,School of Business,http://www.quinnipiac.edu/academics/qu-online/online-programs/online-graduate-programs/master-of-science-in-business-analytics/
University of Connecticut,Master of Science in Business Analytics and Project Management,M,F,T,US,CT,Storrs,School of Business,http://msbapm.business.uconn.edu/
University of New Haven,M.B.A. - Business Intelligence Concentration,M,F,T,US,CT,West Haven,College of Business,http://catalog.newhaven.edu/preview_program.php?catoid=3&poid=673&returnto=604
American University,MS Business Analytics,M,F,T,US,DC,Washington,Kogod School of Business,http://www.american.edu/kogod/graduate/MS-ANLT.cfm
American University,Online MS Analytics,M,T,F,US,DC,Washington,Kogod School of Business,http://onlinebusiness.american.edu/analytics/
George Washington University,Master of Science in Data Science,M,F,T,US,DC,Washington,Columbian College of Arts and Sciences,http://datasci.columbian.gwu.edu/why-data-science-gw
Georgetown University,"Master of Science in Analytics, Concentration in Data Sciences (MS-DS)",M,F,T,US,DC,Washington,Graduate School of Arts & Sciences,http://gradanalytics.georgetown.edu/
The George Washington University,Business Analytics,M,F,T,US,DC,,Business,http://business.gwu.edu/msba
Florida International University,Master of Science in Health Informatics and Management Systems,M,F,T,US,FL,Miami,Chapman Graduate School of Business,http://business.fiu.edu/fiubusiness/mshims.cfm
Florida Polytechnic University,Big Data Analytics,B,F,T,US,FL,Lakeland,College of Innovation & Technology,https://floridapolytechnic.org/academics/advanced-technology/big-data-analytics/
Full Sail University,Master of Science in Business Intelligence,M,T,F,US,FL,Winter Park,Full Sail University,http://www.fullsail.edu/degrees/online/business-intelligence-masters
Nova Southeastern University,Master of Science in Biomedical Informatics,M,T,T,US,FL,Fort Lauderdale,College of Osteopathic Medicine,http://medicine.nova.edu/msbi/curriculum.html
Nova Southeastern University,Graduate Certificate in Business Intelligence / Analytics,C,T,F,US,FL,Fort Lauderdale,Graduate School of Computer and Information Sciences,http://www.scis.nova.edu/masters/certificate_bi.html
Pasco-Hernando State College,Healthcare Informatics Specialist Certificate,C,T,F,US,FL,New Port Richey,Health and Information Technology,http://phsc.edu/program/healthcare-informatics-specialist-certificate
University of Central Florida,M.S.  in Statistical Computing Data Mining Track,M,F,T,US,FL,Orlando,Department of Statistics,http://dms.stat.ucf.edu/
University of Central Florida,Master of Science in Health Care Informatics,M,F,T,US,FL,Orlando,Department of Health Management & Informatics,http://www.ce.ucf.edu/Program/2626/Master-Of-Science-In-Health-Care-Informatics/
University of Central Florida,Professional Science Master's Program in Health Care Informatics,M,F,T,US,FL,Orlando,Department of Health Management and Informatics,http://www.graduatecatalog.ucf.edu/programs/Program.aspx?ID=5852
University of Florida,Master of Science in Information Systems and Operations Management (Business Intelligence & Analytics specialization),M,F,T,US,FL,Gainesville,Warrington College of Business Administration,http://warrington.ufl.edu/graduate/academics/ms-isom/
University of Miami,Master of Science in Business Analytics,M,F,T,US,FL,Coral Gables,University of Miami School of Business,http://www.bus.miami.edu/graduate-programs/specialized-masters/analytics/index.html
University of South Florida Sarasota-Manatee,Business Analytics Certificate,C,T,F,US,FL,Sarasota,College of Business,http://usfsm.edu/catalog/graduate/college-of-business-degree-programs/college-of-business-certificate-programs/business-analytics-certificate/
University of South Florida-Main Campus,Analytics and Business Intelligence Certificate,C,T,F,US,FL,Tampa,Muma College of Business,http://www.usf.edu/innovative-education/programs/graduate-certificates/analytics-and-business-intelligence.aspx
University of South Florida-Main Campus,MS in Health Informatics Online,M,F,T,US,FL,Tampa,Morsani College of Medicine,http://www.usfhealthonline.com/programs/masters-degree/ms-health-informatics/
Georgia Southern University,M.S. - Computer Science with concentration in Data and Knowledge Systems,M,T,F,US,GA,Statesboro,Department of Computer Sciences,http://ceit.georgiasouthern.edu/cs/degrees/mscs/
Georgia State University,Master of Science in Analytics,M,F,T,US,GA,Atlanta,Robinson College of Business,http://specialized.robinson.gsu.edu/msa/
Georgia Tech,MS in Analytics,M,T,F,US,GA,Atlanta,"Colleges of Business, Computing, and Engineering",http://www.analytics.gatech.edu/
Georgia Tech,MS - Computer Science with specialization in machine learning,M,F,T,US,GA,Atlanta,College of Computing,http://www.cc.gatech.edu/future/masters/mscs/program
Kennesaw State University,Analytics and Data Science,D,F,T,US,GA,Kennesaw,Department of Statistics and Analytical Sciences,https://datascience.kennesaw.edu/
Kennesaw State University,Online Certificate in Applied Statistics,C,T,F,US,GA,Kennesaw,Department of Statistics and Analytical Sciences,https://analytics.kennesaw.edu/academics/certificate/appl-stat/index.html
Kennesaw State University,Master of Science in Applied Statistics,M,F,T,US,GA,Kennesaw,Department of Mathematics & Statistics,https://analytics.kennesaw.edu/academics/grad/MSAS/index.html
Mercer University,M.S. In Business Analytics,M,F,T,US,GA,Macon,Stetson School of Business and Economics,http://business.mercer.edu/business-analytics/
University of Georgia,MBA with concentration in Business Analytics,M,T,T,US,GA,Athens,Terry College of Business,http://www.terry.uga.edu/mba/fulltime/concentrations/business-analytics
Loras College,MBA - Business Analytics,M,T,F,US,IA,Dubuque,Loras College,http://www.loras.edu/Academics/MBA-Business-Analytics.aspx
Northwestern College,Analytics Certificate,C,F,T,US,IA,Orange City,Adult and Graduate Studies,http://online.nwciowa.edu/analytics
The University of Iowa,Business Analytics,B,F,T,US,IA,Iowa City,Business,http://tippie.uiowa.edu/management-sciences/undergraduate.cfm
The University of Iowa,Business Analytics Certificate Program,C,F,T,US,IA,Cedar Rapids,Business,http://tippie.uiowa.edu/business-analytics
The University of Iowa,Business Analytics Graduate Program,M,F,T,US,IA,Cedar Rapids,Business,http://tippie.uiowa.edu/business-analytics
Aurora University,Master of Science in Digital Marketing and Analytics,M,F,T,US,IL,Aurora,Dunham School of Business,http://www.aurora.edu/academics/graduate/marketing/index.html
Benedictine University,Master of Science in Business Analytics,M,F,T,US,IL,Lisle,College of Business,http://www.ben.edu/college-of-business/graduate/master-of-science-in-business-analytics.cfm
DePaul University,M.S. in Predictive Analytics,M,F,T,US,IL,Chicago,College of Computing and Digital Media,http://www.cdm.depaul.edu/academics/Pages/MS-In-Predictive-Analytics.aspx
DePaul University,Information Systems (MS) - Business Intelligence Concentration,M,T,F,US,IL,Chicago,College of Computing and Digital Media,http://www.depaul.edu/university-catalog/degree-requirements/graduate/cdm/information-systems-ms/concentrations/Pages/business-intelligence.aspx
Elmhurst College,M.S. in Data Science,M,F,T,US,IL,Elmhurst,Elmhurst College Online Center,http://public.elmhurst.edu/data_science
Elmhurst College,Graduate Certificate in Data Science,C,F,T,US,IL,Elmhurst,Elmhurst College Online Center,http://public.elmhurst.edu/data_science/227880201.html
Illinois Institute of Technology,MS - CS specialization in Data Analytics (with co-terminal BS/MS option),M,T,F,US,IL,Chicago,College of Science,http://science.iit.edu/programs/graduate/master-computer-science-specialization-data-analytics
Illinois Institute of Technology,Master of Data Science,M,T,T,US,IL,Chicago,College of Science,http://science.iit.edu/programs/graduate/master-data-science
Illinois Institute of Technology,Data Analytics,M,F,T,US,IL,,Computer Science,http://science.iit.edu/programs/graduate/master-computer-science-specialization-data-analytics
Lewis University,Data Science,M,T,T,US,IL,,Computer Science,http://www.lewisu.edu/academics/data-science/index.htm
Lewis University,"Business Analytics, M.S.",M,T,F,US,IL,Romeoville,College of Business,https://www.lewisu.edu/academics/business-analytics/index.htm
Loyola University Chicago,M.S. in Applied Statistics,M,F,T,US,IL,Chicago,Mathematics and Statistics,http://www.luc.edu/math/msappliedstat.shtml
Loyola University Chicago,Graduate Certificate in Business Intelligence and Data Warehousing,C,F,T,US,IL,Chicago,Quinlan School of Business,http://www.luc.edu/quinlan/mba/academics/certificates-data-warehousing/
Northwestern University,Certificate in Analytics and Business Intelligence for IT Professionals,C,T,T,US,IL,Evanston,School of Professional Studies,http://sps.northwestern.edu/program-areas/advanced-graduate/analytics-business-intelligence/index.php
Northwestern University,Master of Science in Information Systems with Concentration in Analytics and Business Intelligence,M,F,T,US,IL,Evanston,School of Professional Studies,http://sps.northwestern.edu/program-areas/graduate/information-systems/index.php
Northwestern University,Certificate in Predictive Business Analytics,C,F,T,US,IL,Evanston,Bridge School of Management,http://sps.northwestern.edu/program-areas/professional-development/bridge-school/index.php
Northwestern University,Master of Science in Analytics,M,F,T,US,IL,Evanston,McCormick School of Engineering,http://www.analytics.northwestern.edu/
Northwestern University,Master of Science in Predictive Analytics Online,M,F,T,US,IL,Evanston,School of Continuing Studies,http://sps.northwestern.edu/program-areas/graduate/predictive-analytics/index.php
University of Chicago,Master of Science in Computational Analysis & Public Policy (CAPP),M,F,T,US,IL,Chicago,Harris School of Public Policy & Computer Science Department,http://capp.sites.uchicago.edu/
University of Chicago,Master of Science in Analytics,M,F,T,US,IL,Chicago,Graham School of Continuing Liberal and Professional Studies,http://grahamschool.uchicago.edu/credit/master-science-analytics/index
University of Illinois at Chicago,Health Informatics (IBHE-Approved Certificate),C,T,F,US,IL,Chicago,College of Applied Health Sciences,http://catalog.uic.edu/gcat/colleges-schools/applied-health-sciences/him-cert/
University of Illinois at Chicago,Master of Science in Health Informatics Research Track,M,T,F,US,IL,Chicago,Department of Biomedical and Health Information Sciences,http://healthinformatics.uic.edu/
University of Illinois at Springfield,Graduate Certificate in Business Intelligence,C,F,T,US,IL,Springfield,Department of Management Information Systems,http://mis.uis.edu/BIcertificate.html
University of Illinois at Urbana-Champaign,Master of Science in Statistics: Analytics Concentration,M,F,T,US,IL,Champaign,Department of Statistics,http://www.stat.illinois.edu/degrees/msanalytics.shtml
University of St Francis,Graduate Certificate in Business Analytics,C,F,T,US,IL,Joliet,College of Business and Health Administration,http://www.stfrancis.edu/academics/college-of-business/graduate-certificate-business-analytics/
University of St Francis,MBA with a concentration in Business Analytics,M,T,F,US,IL,Joliet,College of Business and Health Administration,http://www.stfrancis.edu/academics/master-of-business-administration/#.VCQeLEu0Zg0
Indiana University Bloomington,MBA (Major in Business Analytics),M,T,F,US,IN,Bloomington,Kelley School of Business,http://kelley.iu.edu/mba/academics/MajorsMinors/page38907.html
Indiana University Bloomington,Online MS in Business Analytics,M,F,T,US,IN,Bloomington,Kelley School of Business,http://kelley.iu.edu/onlineMBA/Online/MSBA/page43444.cfm
Indiana University Bloomington,Business Analytics Certificate Program,C,F,T,US,IN,Bloomington,Kelley School of Business: Department of Operations and Decision Technologi,http://www.kelley.iu.edu/ODT/AboutUs/DecisionSciences/page11147.html
Indiana University Bloomington,Master of Science in Data Science,M,F,T,US,IN,Bloomington,School of Informatics and Computing,http://www.soic.indiana.edu/graduate/degrees/data-science/ms-data-science/index.html
Indiana University Bloomington,Online Certificate in Data Science (Graduate),C,F,T,US,IN,Bloomington,School of Informatics and Computing,http://www.soic.indiana.edu/graduate/programs/data-science/index.shtml
Indiana University-Purdue University Indianapolis,Informatics,D,F,T,US,IN,,School of Informatics,http://informatics.iupui.edu/graduate/phd/
Indiana University-Purdue University-Indianapolis,M.S. in Mathematics: Applied Statistics,M,T,F,US,IN,Indianapolis,Department of Mathematical Sciences,http://math.iupui.edu/graduate/degrees/ms/stats
Indiana University-Purdue University-Indianapolis,Master of Science in Bioinformatics,M,T,F,US,IN,Indianapolis,Department of BioHealth Informatics,http://soic.iupui.edu/biohealth/graduate/bioinformatics-masters/
Purdue University-Main Campus,"MBA, Specialization in Business Analytics",M,F,T,US,IN,West Lafayette,Krannert School of Management,http://www.krannert.purdue.edu/masters/programs/mba/option-areas/business-analytics/home.asp
Purdue University-Main Campus,Certificate in Applied Statistics,C,F,T,US,IN,West Lafayette,Department of Statistics,https://engineering.purdue.edu/ProEd/credit/applied_statistics
Saint Mary's College,Online Master of Science in Data Science,M,T,T,US,IN,Notre Dame,Department of Mathematics and Computer Science,https://grad.saintmarys.edu/academic-programs/ms-data-science
University of Notre Dame,Master of Science in Applied and Computational Mathematics and Statistics with a specialty in Applied Statistics,M,F,T,US,IN,Notre Dame,Department of Applied and Computational Mathematics and Statistics (ACMS),http://acms.nd.edu/graduate-programs/professional-master-s-programs/master-of-science-in-applied-statistics/
University of Notre Dame,Master of Science in Business Analytics,M,T,F,US,IN,Notre Dame,Mendoza College of Business,https://mendoza.nd.edu/programs/specialized-masters/ms-in-business-analytics/
University of Kansas,Business Analytics,C,F,T,US,KS,Lawrence,School of Business,http://business.ku.edu/business-analytics
Northern Kentucky University,Data Science,B,F,T,US,KY,,Computer Science,http://informatics.nku.edu/content/informatics/departments/computer-science/programs/datascience.html
University of Louisville,Certificate in Data Mining,C,F,T,US,KY,Louisville,Department of Computer Engineering & Computer Science,http://louisville.edu/speed/computer/graduate-studies/dataMining
Louisiana State University,Master of Science in Analytics,M,F,T,US,LA,Baton Rouge,Department of Information Systems & Decision Sciences,http://businessanalytics.lsu.edu/
Babson College,MBA with Business Analytics Concentration,M,F,T,US,MA,Wellesley,F.W. Olin Graduate School of Business,http://www.babson.edu/academics/graduate/mba/concentrations/pages/business-analytics.aspx
Becker College,Data Science,B,F,T,US,MA,,Data Science,http://www.becker.edu/academics/departments-programs/data-science/
Bentley University,Master of Science In Marketing Analytics,M,F,T,US,MA,Waltham,Graduate School of Business,http://www.bentley.edu/graduate/academics/ms-programs/marketing-analytics
Bentley University,Master of Business Analytics,M,F,T,US,MA,Waltham,Graduate School of Business,http://www.bentley.edu/graduate/degree-programs/ms-programs/business-analytics
Bentley University,Graduate Certificate in Business Analytics,C,F,T,US,MA,Waltham,Graduate School of Business,http://www.bentley.edu/graduate/special-programs/graduate-certificate-programs
Brandeis University,Master of Arts in Computational Linguistics,M,F,T,US,MA,Waltham,Mitchom School of Computer Science,http://www.brandeis.edu/gsas/programs/comp_ling.html
Brandeis University,M.S. in Strategic Analytics,M,F,T,US,MA,Waltham,Graduate Professional Studies,https://www.brandeis.edu/gps/future-students/learn-about-our-programs/strategic-analytics.html
Harvard University,Data Science Certificate,C,T,F,US,MA,Cambridge,Extension School,http://www.extension.harvard.edu/professional-certificates/data-science-certificate
Harvard University,Master of Science in Computational Biology and Quantitative Genetics,M,F,T,US,MA,Cambridge,School of Public Health,http://www.hsph.harvard.edu/sm-computational-biology/
Harvard University,Master of Science in Computational Science and Engineering,M,F,T,US,MA,Cambridge,School of Engineering and Applied Sciences,http://www.seas.harvard.edu/computational-science-and-engineering/master-science-cse
Northeastern University,MS in Urban Informatics,M,T,F,US,MA,Boston,Interdisciplinary,http://nuweb12.neu.edu/datascience/ms-in-urban-informatics/
Northeastern University,Graduate Certificate in Data Science,C,F,T,US,MA,Boston,Interdisciplinary,http://www.ccs.neu.edu/graduate/degree-programs/certificate-data-science/
Northeastern University,Master of Professional Studies in Informatics,M,T,F,US,MA,Boston,College of Professional Studies,http://www.cps.neu.edu/degree-programs/graduate/masters-degrees/masters-informatics.php
Northeastern University,Master of Science in Health Informatics,M,F,T,US,MA,Boston,College of Computer and Information Science,http://www.northeastern.edu/align/degree-programs/ms-in-health-informatics/
Northeastern University,Graduate Certificate in Data Science,C,T,F,US,MA,Boston,College of Computer and Information Sciences,http://www.northeastern.edu/datascience/data-science-certificate/
Northeastern University,Master of Science in Business Analytics,M,F,T,US,MA,Boston,Interdisciplinary,http://www.northeastern.edu/datascience/ms-in-business-analytics/
Northeastern University,Graduate Certificate in Urban Informatics,C,F,T,US,MA,Boston,Interdisciplinary,http://www.northeastern.edu/datascience/urban-informatics-certificate/
University of Massachusetts Amherst,MS with Data Science Concentration,M,F,T,US,MA,Amherst,College of Information and Computer Sciences,https://ds.cs.umass.edu/proposed-masters-concentration-data-science
University of Massachusetts Amherst,Certificate in Data Science,C,F,T,US,MA,Amherst,College of Information and Computer Sciences,https://ds.cs.umass.edu/academics/certificate-data-science
Worcester Polytechnic Institute,Data Science,D,F,T,US,MA,Worcester,Data Science,http://www.wpi.edu/academics/datascience/phd-program.html
Worcester Polytechnic Institute,Data Science,B,F,T,US,MA,Worcester,Data Science,http://www.wpi.edu/academics/datascience/bsms-program.html
Worcester Polytechnic Institute,Graduate Certificate in Data Science,C,F,T,US,MA,Worcester,Data Science,http://www.wpi.edu/academics/datascience/certificate-program.html
Worcester Polytechnic Institute,Master of Science in Data Science,M,F,T,US,MA,Worcester,Data Science,http://www.wpi.edu/academics/datascience/degree-requirements.html
Johns Hopkins University,Bioinformatics,M,F,T,US,MD,,,http://advanced.jhu.edu/academic/biotechnology/ms-in-bioinformatics/
Johns Hopkins University,Master of Science in Geographic Information Systems,M,T,T,US,MD,Baltimore,Krieger School of Arts & Sciences,http://advanced.jhu.edu/academics/graduate-degree-programs/geographic-information-systems/
Johns Hopkins University,Master of Science in Information Systems,M,F,T,US,MD,Baltimore,Carey Business School,http://carey.jhu.edu/academics/master-of-science/ms-in-information-systems/
Notre Dame of Maryland University,Master of Science in Analytics in Knowledge Management,M,F,T,US,MD,Baltimore,College of Arts and Sciences,http://catalog.ndm.edu/graduate/artsandsciences/knowledgemanagementprogram/
University of Maryland-Baltimore County,Master of Science in Information Systems,M,T,F,US,MD,Baltimore,Department of Information Science,http://onlinems.umbc.edu/
University of Maryland-College Park,Master of Information Management,M,F,T,US,MD,College Park,College of Information Studies,http://ischool.umd.edu/mim
University of Maryland-College Park,Online MBA - Specialization in Information Systems & Business Analytics,M,F,T,US,MD,College Park,Robert H. Smith School of Business,http://onlinemba.umd.edu/
University of Maryland-College Park,"MS in Business, Marketing Analytics",M,T,F,US,MD,College Park,Robert H. Smith School of Business,http://www.rhsmith.umd.edu/ms/analytics/
University of Maryland-University College,Master of Science in Data Analytics,M,F,T,US,MD,Adelphi,University of Maryland University College Graduate School,http://www.umuc.edu/academic-programs/masters-degrees/data-analytics.cfm
Baker College,MBA in Business Intelligence,M,F,T,US,MI,Allen Park,Baker College,http://www.baker.edu/programs-degrees/business-intelligence-master-ba/
Central Michigan University,Data Mining,C,F,T,US,MI,,Mathematics,https://www.cmich.edu/colleges/cgs/landing_pages/Pages/Graduate-Certificate-Data-Mining.aspx
Central Michigan University,Applied Statistics and Analytics,M,F,T,US,MI,,Mathematics,https://www.cmich.edu/colleges/cst/math/Pages/Master-of-Science-in-Applied-Statistics-and-Analytics.aspx
Davenport University,Master of Science in Health Informatics and Information Management,M,T,F,US,MI,Grand Rapids,College of Health Professions,http://www.davenport.edu/college-health-professions/programs-and-degrees/master-science-informatics-and-information-
Eastern Michigan University,Master of Arts in Applied Statistics,M,T,F,US,MI,Ypsilanti,Department of Mathematics,http://catalog.emich.edu/preview_program.php?catoid=12&poid=6396
Eastern Michigan University,Enterprise Business Intelligence specialization in the Master of Business Administration (MBA),M,F,T,US,MI,Ypsilanti,College of Business; Computer Information Systems Department,http://www.emich.edu/cob/departments_centers/computer_information_systems.php
Grand Valley State University,Master of Science in Biostatistics,M,T,F,US,MI,Allendale,College of Liberal Arts and Sciences,http://catalog.gvsu.edu/preview_program.php?catoid=38&poid=5264&hl=%22master+of+science+in+biostatistics%22&returnto=search
Michigan State University,M.S. - Business Analytics,M,F,T,US,MI,East Lansing,Broad College of Business,http://broad.msu.edu/businessanalytics/
Michigan State University,Master of Science in Applied Statistics,M,T,F,US,MI,East Lansing,Department of Statistics and Probability (College of Natural Sciences),https://www.reg.msu.edu/academicprograms/ProgramDetail.asp?Program=3871
Michigan Technological University,Master of Science Degree in Integrated Geospatial Technology,M,T,T,US,MI,Houghton,School of Technology,http://www.mtu.edu/gradschool/programs/degrees/geospatial/
Oakland University,MS in Applied Statistics,M,T,F,US,MI,Rochester Hills,Department of Mathematics and Statistics,http://www.oakland.edu/?id=7773&sid=229
Oakland University,Master of Science in Information Technology Management in Business Analytics,M,F,T,US,MI,Rochester Hills,School of Business Administration,http://www.oakland.edu/MSITM-BA
University of Michigan-Ann Arbor,Graduate Data Science (DS) Certificate Program,C,T,F,US,MI,Ann Arbor,Trans-Disciplinary,http://midas.umich.edu/certificate/
University of Michigan-Ann Arbor,Data Science,B,F,T,US,MI,Ann Arbor,EECS,https://www.eecs.umich.edu/eecs/undergraduate/data-science/
University of Michigan-Dearborn,Master of Science in Business Analytics,M,F,T,US,MI,Dearborn,College of Business,http://umdearborn.edu/cob/ms-business-analytics/
Capella University,Business Intelligence Specialization Post-Baccalaureate Certificate,C,F,T,US,MN,Minneapolis,School of Business and Technology,http://www.capella.edu/online-degrees/certificate-business-intelligence/accreditations
Capella University,MBA in Business Intelligence,M,F,T,US,MN,Minneapolis,School of Business & Technology,http://www.capella.edu/online-degrees/mba-business-intelligence/
Capella University,MS in Analytics,M,T,F,US,MN,Minneapolis,School of Business & Technology,http://www.capella.edu/online-degrees/masters-analytics/
The College of Saint Scholastica,M.S. Health Informatics,M,T,F,US,MN,Duluth,Health Informatics Program,http://www.css.edu/Graduate/Masters-Doctoral-and-Professional-Programs/Areas-of-Study/MS-Health-Informatics/Curriculum.html?ss=print
University of Minnesota,Business Analytics,M,F,T,US,MN,,Business,http://carlsonschool.umn.edu/degrees/master-science-business-analytics
University of Minnesota-Duluth,Master of Science in Business Analytics,M,F,T,US,MN,Duluth,Carlson School of Management,http://carlsonschool.umn.edu/degrees/master-science-in-business-analytics
University of St. Thomas,M.S. in Data Science,M,F,T,US,MN,Saint Paul,Graduate Programs in Software,http://www.stthomas.edu/gradsoftware/programs/msdatascience/default.html
Winona State University,Data Science,B,F,T,US,MN,Winona,Department of Mathematics and Statistics,http://www.winona.edu/data-science/
Grantham University,Master of Science in Business Intelligence,M,T,F,US,MO,Kansas City,Business,http://rmi.grantham.edu/programs/master-of-science-in-business-intelligence
Missouri University of Science and Technology,Graduate Certificate in Business Analytics and Data Science,C,T,F,US,MO,Rolla,Department of Business and Information Technology,http://dce.mst.edu/credit/certificates/businessanalyticsanddatascience/
Rockhurst University,Data Science and Business Analytics Certificate,C,T,T,US,MO,Kansas City,Helzburg School of Management,http://www.rockhurst.edu/media/filer_private/2013/12/06/helzberg_ds_certificates_w-course_descriptions.pdf
Rockhurst University,Business Intelligence and Analytics,M,F,T,US,MO,Kansas City,Helzburg School of Management,http://www.rockhurst.edu/helzberg-school-of-management/msbia/
Saint Louis University,Health Data Science,M,T,F,US,MO,Saint Louis,Center For Outcomes Research,http://www.slu.edu/medicine/slucor/education-and-training/ms-in-health-data-science
Saint Louis University-Main Campus,Applied Analytics Master's Degree,M,T,F,US,MO,Saint Louis,School for Professional Studies,http://www.slu.edu/school-for-professional-studies-home/majors-and-programs/masters-degree-programs/ms-in-applied-analytics
University of Missouri-St Louis,Graduate Certificate in Business Intelligence,C,F,T,US,MO,Saint Louis,Information Systems Department,http://mis.umsl.edu/M.S.%20in%20I.S./BICertificate.html
University of Montana,Certificate in Big Data Analytics,C,F,T,US,MT,Missoula,Data Science,http://www.umt.edu/datascience/study-big-data.php
Elon University,Information Science,B,F,T,US,NC,Elon,Computing Sciences,http://www.elon.edu/e-web/academics/elon_college/computing_sciences/curriculum/bsis.xhtml
North Carolina State University at Raleigh,Master of Science in Analytics,M,F,T,US,NC,Raleigh,Institute for Advanced Analytics,http://analytics.ncsu.edu/
University of North Carolina at Chapel Hill,Graduate Certificate in Public Health Informatics,C,F,T,US,NC,Chapel Hill,Gillings School of Global Public Health and School of Information and Libra,http://sph.unc.edu/hpm/hpm-degrees-and-certificates/hpm-phi-overview/
University of North Carolina at Charlotte,Professional Science Master's (PSM) in Data Science and Business Analytics (DSBA),M,F,T,US,NC,Charlotte,The Graduate School,http://analytics.uncc.edu/
University of North Carolina at Charlotte,Graduate Certificate in Data Science and Business Analytics,C,F,T,US,NC,Charlotte,College of Computing and Informatics and the Belk College of Business,http://analytics.uncc.edu/graduate-certificate
University of North Carolina at Charlotte,Graduate Certificate in Health Informatics,C,F,T,US,NC,Charlotte,"College of Computing and Informatics, College of Health and Human Serv",http://hi.uncc.edu/graduate-certificate
University of North Carolina at Charlotte,M.S. in Mathematics with Concentration in Applied Statistics,M,F,T,US,NC,Charlotte,Department of Mathematics and Statistics,http://math.uncc.edu/graduate-program/master-science-degree-concentration-applied-statistics
University of North Carolina at Greensboro,Graduate Certificate in Business Analytics,C,F,T,US,NC,Greensboro,UNCG Bryan School of Business and Economics,http://bae.uncg.edu/isscm/graduate/certificates/graduate-certificate-in-business-analytics-2/
"University of North Carolina, Charlotte",Computing and Information Systems,D,F,T,US,NC,,Computing and Informatics,https://cci.uncc.edu/academic-programs/phd
Bellevue University,Master of Science-Business Analytics,M,T,F,US,NE,Bellevue,College of Science and Technology,http://www.bellevue.edu/degrees/graduate/business-analytics-ms/major-requirements.aspx
Bellevue University,Master of Professional Science in Technology Innovation with Focus in Bioinformatics,M,F,T,US,NE,Bellevue,College of Science and Technology,http://www.bellevue.edu/degrees/graduate/innovation-entrepreneurship-mps/major-requirements.aspx
Creighton University,Master of Science in Business Intelligence and Analytics (MS-BIA),M,F,T,US,NE,Omaha,Heider College of Business,http://business.creighton.edu/graduate/graduate-programs/master-science-business-intelligence-and-analytics-ms-bia
Creighton University,Master of Science in Data Science,M,F,T,US,NE,Omaha,College of Professional Studies,https://academics.creighton.edu/program/data-science-master-science-ms
Nebraska College of Technical Agriculture,Business Analytics Graduate Certificate,C,F,T,US,NE,Curtis,College of Business Administration,http://news.unl.edu/newsrooms/unltoday/article/cba-to-offer-business-analytics-program/
University of Nebraska at Omaha,Data Science Concentration,B,F,T,US,NE,Omaha,Mathematics,http://www.unomaha.edu/college-of-arts-and-sciences/mathematics/academics/undergraduate.php#data
University of Nebraska at Omaha,Data Science Concentration,M,F,T,US,NE,Omaha,Mathematics,http://www.unomaha.edu/college-of-arts-and-sciences/mathematics/community-engagement/data-science.php
Southern New Hampshire University,Master of Science in Data Analytics,M,T,F,US,NH,Manchester,Graduate,http://www.snhu.edu/online-degrees/graduate-degrees/data-analytics-ms-online/careers.asp
Southern New Hampshire University,MS in Information Technology - Healthcare Informatics,M,T,F,US,NH,Manchester,School for Professional Studies,http://www.snhu.edu/online-degrees/graduate-degrees/information-technology-MS-online/health-Informatics.asp
Southern New Hampshire University,MBA in Business Intelligence,M,T,F,US,NH,Manchester,,http://www.snhu.edu/online-degrees/graduate-degrees/MBA-online/business-intelligence-curriculum.asp
Southern New Hampshire University,Data Analytics,B,T,F,US,NH,,,http://www.snhu.edu/online-degrees/undergraduate-degrees/data-analytics-bs-online.asp
New Jersey Institute of Technology,MS in Applied Statistics,M,T,F,US,NJ,Newark,Department of Mathematical Sciences,http://math.njit.edu/academics/graduate/ms-appliedstatistics/index.php
New Jersey Institute of Technology,Graduate Certificate in Data Mining,C,T,F,US,NJ,Newark,Department of Computer Science,http://online.njit.edu/programs/certs/datamining-cert.php
Rutgers University,Online Master of Information,M,T,F,US,NJ,Camden,School of Communication and Information,http://online.rutgers.edu/master-library-info/
Rutgers University,Master of Business And Science Degree in Analytics - Discovery Informatics & Data Sciences,M,F,T,US,NJ,Camden,Division of Continuous Education and Outreach,http://psm.rutgers.edu/programs/analytics-data-sciences
Rutgers University,Post MBA Certificate in Analytics and Information Management,C,F,T,US,NJ,Camden,Rutgers Business School,http://www.business.rutgers.edu/mba/admissions/post-mba-certificate
Rutgers University,MBA with Analytics and Information Management Concentration,M,F,T,US,NJ,Camden,Rutgers Business School,http://www.business.rutgers.edu/mba/concentrations/aim
Saint Peter's University,Master of Science in Data Science with a concentration in Business Analytics,M,T,F,US,NJ,Jersey City,Saint Peter's University,http://www.saintpeters.edu/data-science-and-business-analytics/
Stevens Institute of Technology,MS in Business Intelligence and Analytics,M,T,F,US,NJ,Hoboken,Graduate School,http://www.stevens.edu/sit/graduate/master-of-science-business-intelligence-and-analytics.cfm
Stevens Institute of Technology,BI&A Graduate Certificate,C,F,T,US,NJ,Hoboken,Wesley J. Howe School of Technology Management,https://www.stevens.edu/howe/academics/graduate/business-intelligence-analytics-bi-ms/bi-graduate-certificate
Stevens Institute of Technology,Master of Science in Information Systems,M,T,F,US,NJ,Hoboken,Wesley J. Howe School of Technology Management,https://www.stevens.edu/howe/academics/graduate/information-systems
Thomas Edison State College,MBA in Data Analytics,M,F,T,US,NJ,Trenton,School of Business & Management,http://www.tesc.edu/business/mba/Data-Analytics.cfm
University of Nevada-Reno,Information Systems Data Analytics Track,M,F,T,US,NV,Reno,,http://www.unr.edu/business/degree-programs/information-systems/msis#dataanalyticstrack
Columbia University in the City of New York,MS - Masters in Data Science,M,F,T,US,NY,New York,Institute for Data Sciences and Engineering,http://idse.columbia.edu/masters
Columbia University in the City of New York,Master of Arts in Statistics,M,F,T,US,NY,New York,School of Continuing Education,http://quants.columbia.edu/statistics/masters-program-overview
Columbia University in the City of New York,"Masters of Science in Computer Science, concentration in Machine Learning",M,T,T,US,NY,New York,Fu Foundation School of Engineering and Applied Science,http://www.cs.columbia.edu/education/ms/machineLearning
Cornell University,Master of Science in Health Informatics,M,F,T,US,NY,Ithaca,Cornell Medial College,http://hpr.weill.cornell.edu/education_and_training/MS_Health_Informatics_curriculum.html
Cornell University,Master of Professional Studies (MPS) in Applied Statistics (Option II: Data Science),M,F,T,US,NY,Ithaca,Department of Statistical Science,http://stat.cornell.edu/academics/mps
Cornell University,Data Analytics,M,F,T,US,NY,,Engineering,http://www.orie.cornell.edu/orie/academics/master/index.cfm
CUNY Bernard M Baruch College,Advanced Certificate in Business Analytics of Large-Scale Data,C,F,T,US,NY,New York,School of Business,http://www.csi.cuny.edu/catalog/graduate/advanced-certificate-in-business-analytics-of-large-scale-data.htm
CUNY Graduate School and University Center,Online Master of Science in Data Analytics,M,F,T,US,NY,New York,CUNY School of Professional Studies,http://sps.cuny.edu/programs/ms_dataanalytics
CUNY Queens College,MA in Data Analytics & Applied Social Research,M,T,F,US,NY,Flushing,Sociology Department,http://qcbigdata.com/program/
Fordham University,Master of Science in Business Analytics,M,F,T,US,NY,Bronx,Graduate School of Business,http://www.bnet.fordham.edu/academic_bulletin/2015/ms/MS_Business_Analytics/index.asp
Keller Graduate School of Management,MBA with a Business Intelligence and Analytics Management Concentration,M,F,T,US,NY,New York,Keller Graduate School of Management,http://keller.edu/graduate-degree-programs/mba-program/business-intelligence-mba.html
Marist College,Advanced Certificate in Business Analytics,C,T,F,US,NY,Poughkeepsie,School of Computer Science and Mathematics,http://www.marist.edu/admission/graduate/business-analytics/
New York University,Master of Science in Data Science,M,T,F,US,NY,New York,NYU Center for Data Science,http://cds.nyu.edu/academics/ms-in-data-science/
New York University,Advanced Certificate in Applied Urban Science and Informatics,C,F,T,US,NY,New York,Center for Urban Science & Progress,http://cusp.nyu.edu/advanced-certificate-in-applied-urban-science-and-informatics/
New York University,MS in Applied Urban Science and Informatics,M,T,T,US,NY,New York,Center for Urban Science & Progress,http://cusp.nyu.edu/ms-in-applied-urban-science-and-informatics/
New York University,Master of Science in Applied Statistics for Social Science Research,M,T,F,US,NY,New York,"Steinhardt School of Culture, Education, and Human Development: D",http://steinhardt.nyu.edu/graduate_admissions/guide/assr/ms
New York University,Certificate in Healthcare Informatics,C,T,F,US,NY,New York,School of Professional Studies: Management and Information Technology,http://www.scps.nyu.edu/academics/departments/information-technology/academic-offerings/noncredit/certificate-in-healthcare-informatics.html
New York University,"MBA, Specialization in Business Analytics",M,T,F,US,NY,New York,Stern School of Business,http://www.stern.nyu.edu/programs-admissions/full-time-mba/academics/specializations/business-analytics/index.htm
New York University,Master of Science in Business Analytics,M,T,F,US,NY,New York,Stern School of Business,http://www.stern.nyu.edu/programs-admissions/global-degrees/business-analytics/academics/course-index/
New York University,Master of Science in Information Systems,M,F,T,US,NY,New York,Computer Science Department,https://cs.nyu.edu/webapps/content/academic/graduate/msis
New York University,Applied Data Analytics and Visualization,B,F,T,US,NY,New York,School of Professional Studies,http://www.sps.nyu.edu/academics/departments/mcghee/undergraduate/bs-applied-data-analytics-and-visualization.html
Pace University-New York,MS in Customer Intelligence and Analytics,M,T,F,US,NY,New York,Lubin School of Business,http://www.pace.edu/lubin/ms-in-customer-intelligence-analytics
Pace University-New York,Master of Science in Information Systems,M,T,F,US,NY,New York,Seidenberg School of Computer Science and Information Systems,http://www.pace.edu/seidenberg/ms-in-information-systems
Rensselaer Polytechnic Institute,MS in Business Analytics,M,F,T,US,NY,Troy,Lally School of Management,http://lallyschool.rpi.edu/academics/ms_ba.html
Rensselaer Polytechnic Institute,M.S. in Information Technology - Concentration in Data Science and Analytics,M,F,T,US,NY,Troy,Department of Information Technology & Web Science,https://www.rpi.edu/dept/IT/graduate/Masters.html
St. John's University-New York,Master of Science in Data Mining and Predictive Analytics,M,F,T,US,NY,Queens,"Department of Computer Science, Mathematics, and Science",http://www.stjohns.edu/academics/schools-and-colleges/college-professional-studies/programs-and-majors/data-mining-and-predictive-analytics-master-science
Syracuse University,Certificate of Advanced Study in Data Science,C,T,F,US,NY,Syracuse,School of Information Studies,http://ischool.syr.edu/future/cas/datascience.aspx
The New School,Data Visualization (MS),M,T,F,US,NY,New York,"School of Art, Media & Technology",http://www.newschool.edu/parsons/ms-data-visualization/
Trocaire College,Certificate in Healthcare Informatics,C,T,F,US,NY,Buffalo,Healthcare Informatics,https://www.trocaire.edu/academics/healthcare-informatics/healthcare-informatics-certificate
Union Graduate College,Master of Science in Healthcare Data Analytics,M,T,F,US,NY,Schenectady,School of Management,http://www.uniongraduatecollege.edu/management/MS-Healthcare.aspx
University at Buffalo,Master of Science (MS) in Management Science: Business Analytics and Systems from the State University of New York at Buffalo and a Master of Business,M,T,F,US,NY,Buffalo,University at Buffalo School of Management and Amrita University,http://mgt.buffalo.edu/faculty/academic/systems/business-analytics-amrita
University of Rochester,Professional MS in Computer Science (Concentration in Data Analytics),M,F,T,US,NY,Rochester,Department of Computer Science,http://www.cs.rochester.edu/graduate/masters-program.html
University of Rochester,Data Science,B,F,T,US,NY,,Interdisciplinary,http://www.rochester.edu/data-science/academics/index.html
University of Rochester,Master of Science in Data Science,M,F,T,US,NY,Rochester,Institute for Data Science,http://www.rochester.edu/data-science/degrees/MSdetails.html
University of Rochester,MS in Business Administration (Concentration in Business Analytics),M,F,T,US,NY,Rochester,Simon School of Business,http://www.simon.rochester.edu/programs/full-time-ms/academics/programs/business-analytics/index.aspx
University of Rochester,MA and MS in Medical Statistics,M,F,T,US,NY,Rochester,Department of Biostatistics and Computational Biology,http://www.urmc.rochester.edu/education/graduate/phd/statistics/
Bowling Green State University,Master of Science in Applied Statistics (specialization in Business Analytics),M,F,T,US,OH,Bowling Green,Department of Applied Statistics & Operations Research/Department of Mathem,http://www.bgsu.edu/business/asor/graduateprograms.html
Bowling Green State University,M.S. in Analytics,M,F,T,US,OH,Bowling Green,Graduate College,http://www.bgsu.edu/graduate/analytics.html
Case Western Reserve University,Systems Biology and Informatics,D,F,T,US,OH,Cleveland,Molecular and Computational Biology,http://bioinformatics.case.edu/
Case Western Reserve University,Health Informatics,M,F,T,US,OH,Cleveland,Case School of Engineering,http://engineering.case.edu/eecs/node/466
Case Western Reserve University,Data Science,B,F,T,US,OH,Cleveland,Data Science,http://datascience.case.edu/
Cleveland State University,Graduate Certificate in Strategic Business Analytics,C,T,F,US,OH,Cleveland,Monte Ahuja College of Business,http://www.csuohio.edu/business/academics/business-analytics-graduate-certificate-programs
Cleveland State University,Graduate Certificate in Advanced Business Analytics,C,T,F,US,OH,Cleveland,Monte Ahuja College of Business,http://www.csuohio.edu/business/academics/business-analytics-graduate-certificate-programs
Miami University of Ohio,Business Analytics Minor,B,F,T,US,OH,,Business,http://miamioh.edu/academics/majors-minors/minors/business-analytics.html
Miami University of Ohio,I.S. and Analytics,B,F,T,US,OH,,Business,http://miamioh.edu/fsb/academics/isa/academics/majors/co-major/index.html
Notre Dame College,Certificate in Competitive Business Intelligence,C,F,T,US,OH,Cleveland,Notre Dame College Online,http://online.notredamecollege.edu/programs/certificate-in-competitive-business-intelligence/
Ohio State University-Main Campus,Master of Public Health in Biomedical Informatics,M,T,F,US,OH,Columbus,College of Medicine,http://medicine.osu.edu/bmi/education/prospective_students/ms-and-mph-degrees/pages/index.aspx
Ohio State University-Main Campus,Master of Applied Statistics,M,F,T,US,OH,Columbus,Department of Statistics,http://www.stat.osu.edu/dept/descriptions-programs/master-applied-statistics/quarters
The Ohio State University,Data Analytics,B,F,T,US,OH,,Interdisciplinary,https://data-analytics.osu.edu/
University of Cincinnati-Main Campus,Master of Science in Health Informatics,M,T,T,US,OH,Cincinnati,College of Allied Health Sciences,http://mshi.uc.edu/
University of Cincinnati-Main Campus,Master of Science in Business Analytics,M,F,T,US,OH,Cincinnati,Lindner College of Business,https://business.uc.edu/programs/graduate/msbana.html
Oklahoma State University Center for Health Sciences,Graduate Certificate in Business Data Mining,C,F,T,US,OK,Tulsa,Watson Graduate School of Management,http://watson.okstate.edu/datamining/program/
Oklahoma State University Center for Health Sciences,Graduate Certificate in Marketing Analytics,C,T,F,US,OK,Tulsa,Watson Graduate School of Management,http://watson.okstate.edu/marketinganalytics/program/
Southwestern Oklahoma State University,M.S. Healthcare Informatics & Information Management,M,T,F,US,OK,Weatherford,Allied Health,http://www.swosu.edu/academics/him/programs/graduate/curriculum.aspx
University of Oklahoma Norman Campus,Master of Science in Engineering - Data Science and Analytics Emphasis,M,F,T,US,OK,Norman,College of Engineering,http://www.ou.edu/coe/datascience.html
University of Oklahoma Norman Campus,MS in Management Information Systems,M,F,T,US,OK,Norman,Division of Management Information Systems,http://www.ou.edu/price/mis/mis_ms_in_mis.html
Oregon State University,MBA in Business Analytics,M,F,T,US,OR,Corvallis,College of Business,http://business.oregonstate.edu/mba/academics/tracks/business-analytics
Albright College,M.S. in Business Intelligence,M,F,T,US,PA,Reading,Erivan K. Haub School of Business,http://www.albright.edu/accelerated/masters-degree-articulations.html
Carnegie Mellon University,Master of Computational Data Science (MCDS),M,F,T,US,PA,Pittsburgh,School of Computer Science,http://mcds.cs.cmu.edu/?q=node/6
Carnegie Mellon University,MBA: Business Analytics Track,M,T,F,US,PA,Pittsburgh,Tepper School of Business,http://tepper.cmu.edu/prospective-students/masters/mba/curriculum/tracks-and-capstones/business-analytics
Carnegie Mellon University,"Master of Information Systems Management, Business Intelligence and Data Analytics (MISM-BIDA)",M,F,T,US,PA,Pittsburgh,Heinz College,http://www.heinz.cmu.edu/school-of-information-systems-and-management/information-technology-msit/curriculum/msit-bida/index.aspx
Carnegie Mellon University,"Master of Science in Information Technology, Business Intelligence and Data Analytics (MSIT-BIDA)",M,F,T,US,PA,Pittsburgh,Heinz College,http://www.heinz.cmu.edu/school-of-information-systems-and-management/information-technology-msit/curriculum/msit-bida/index.aspx
Carnegie Mellon University,Machine Learning,D,F,T,US,PA,Pittsburgh,,http://www.ml.cmu.edu/prospective-students/PhD%20Programs.html
Carnegie Mellon University,Master of Statistical Practice,M,F,T,US,PA,Pittsburgh,Statistics,http://www.stat.cmu.edu/academics/graduate/the-masters-in-statistical-practice-program
Drexel University,Information Studies,D,F,T,US,PA,Philadelphia,Computing and Informatics,http://drexel.edu/cci/academics/graduate-programs/phd-information-studies/
Drexel University,Certificate in Healthcare Informatics,C,F,T,US,PA,Philadelphia,Drexel University's Institute for Healthcare Informatics,http://drexel.edu/cci/programs/professional-development-programs/certificate-in-healthcare-informatics/
Drexel University,Online Master's in Health Informatics,M,T,F,US,PA,Philadelphia,College of Computing and Informatics with support from Drexel University's,http://www.drexel.com/online-degrees/information-sciences-degrees/ms-hci/index.aspx
Drexel University,M.S. in Business Analytics,M,F,T,US,PA,Philadelphia,LeBow College of Business,http://www.lebow.drexel.edu/academics/programs/masters/business-analytics
Harrisburg University of Science and Technology,Online Master of Science in Analytics,M,T,T,US,PA,Harrisburg,Graduate Education,http://www.harrisburgu.edu/academics/graduate/analytics/online-analytics.php
La Salle University,M.S. in Analytics,M,F,T,US,PA,Philadelphia,College of Professional & Continuing Studies,http://www.lasalle.edu/analytics/
Misericordia University,Health Care Informatics Graduate Certificate,C,T,T,US,PA,Dallas,College of Health Sciences,http://www.misericordia.edu/misericordia_pg_sub.cfm?sub_page_id=3990&subcat_id=108&page_id=989
Misericordia University,Health Informatics Master's Program,M,T,F,US,PA,Dallas,College of Health Sciences,http://www.misericordia.edu/misericordia_pg_sub.cfm?sub_page_id=4235&subcat_id=108
Pennsylvania State University,Social Data Analytics,D,F,T,US,PA,University Park,Interdisciplinary,http://bdss.psu.edu/education
Pennsylvania State University,Graduate Certificate in Applied Statistics,C,F,T,US,PA,University Park,Eberly College of Science,http://www.worldcampus.psu.edu/degrees-and-certificates/applied-statistics-certificate/courses
Pennsylvania State University,Master of Applied Statistics,M,T,F,US,PA,University Park,Eberly College of Science,http://www.worldcampus.psu.edu/degrees-and-certificates/applied-statistics-masters/overview
Pennsylvania State University,Graduate Certificate in Business Analytics,C,T,F,US,PA,University Park,Smeal College of Business,http://www.worldcampus.psu.edu/degrees-and-certificates/business-analytics-certificate/overview
Pennsylvania State University,Master of Professional Studies in Data Analytics,M,F,T,US,PA,University Park,Penn State World Campus,http://www.worldcampus.psu.edu/degrees-and-certificates/data-analytics-base/overview
Pennsylvania State University,Master of Professional Studies in Data Analytics,M,F,T,US,PA,University Park,Penn State World Campus,http://www.worldcampus.psu.edu/degrees-and-certificates/data-analytics-business/overview
Pennsylvania State University,Graduate Certificate in Business Analytics,C,F,T,US,PA,University Park,Penn State World Campus,https://www.worldcampus.psu.edu/degrees-and-certificates/business-analytics-certificate/overview
Philadelphia University,"M.S. in Modeling, Simulation and Data Analytics",M,F,T,US,PA,Philadelphia,"Kanbar College of Design, Engineering, and Commerce",http://www.philau.edu/msda/curriculum.html
Saint Joseph's University,Online Master of Science in Business Intelligence & Analytics,M,T,F,US,PA,Philadelphia,Erivan K. Haub School of Business,http://online.sju.edu/programs/business-intelligence-course.asp
Saint Joseph's University,Online Master's in Health Administration: Informatics Specialization,M,F,T,US,PA,Philadelphia,St Joseph's University Online,http://online.sju.edu/programs/masters-health-administration-informatics.asp
Saint Joseph's University,Master of Science in Business Intelligence & Analytics Program,M,T,F,US,PA,Philadelphia,Erivan K. Haub School of Business,http://www.sju.edu/int/academics/hsb/grad/msbi/
Temple University,Master of Science in Health Informatics,M,T,F,US,PA,Philadelphia,Health Information Management Department (College of Health Professions) an,http://chpsw.temple.edu/him/degrees-offered/master-science-health-informatics
University of Pittsburgh-Bradford,Master's Degree in Biomedical Informatics,M,T,F,US,PA,Bradford,Department of Biomedical Informatics,http://www.dbmi.pitt.edu/training-programs
University of Pittsburgh-Bradford,Master's Degree in Biostatistics,M,F,F,US,PA,Bradford,Graduate School of Public Health,http://www.publichealth.pitt.edu/Portals/0/BIOSTAT/BIOST%20MS%20Brochure.pdf
University of Pittsburgh-Pittsburgh Campus,MSIS - Big Data Analytics,M,T,T,US,PA,Pittsburgh,School of Information Sciences,http://www.ischool.pitt.edu/ist/degrees/specializations/big-data.php
Villanova University,Graduate Certificate in Applied Statistics,C,F,T,US,PA,Villanova,Liberal Arts and Sciences,http://www1.villanova.edu/content/dam/villanova/artsci/gradstudies/AppliedStatisticsGraduateInformationSheet.pdf
Villanova University,Master of Science in Applied Statistics,M,F,T,US,PA,Villanova,Liberal Arts and Sciences,http://www1.villanova.edu/villanova/artsci/mathematics/academic-programs/graduate/programs/msapplied.html
Villanova University,Master of Science in Analytics,M,T,F,US,PA,Villanova,School of Business,http://www1.villanova.edu/villanova/business/graduate/specializedprograms/msa/programinfo.html
Brown University,Big Data,D,F,T,US,RI,,Computer Science,http://cs.brown.edu/~kraskat/phd.html
College of Charleston,Data Science,B,F,T,US,SC,,Computer Science,http://datascience.cofc.edu/
Medical University of South Carolina,Master of Science in Health Informatics,M,T,F,US,SC,Charleston,College of Health Professions,http://academicdepartments.musc.edu/chp/MSHI/
University of South Carolina-Columbia,Master of Applied Statistics,M,F,T,US,SC,Columbia,Department of Statistics,http://www.sc.edu/stat_dist/mas.shtml
Dakota State University,Analytics,M,T,T,US,SD,Madison,Business and Information Systems,http://www.dsu.edu/msa/
South Dakota State University,Computational Science and Statistics,D,F,T,US,SD,Brookings,Mathematics and Statistics,http://www.sdstate.edu/mathstat/grad/css-phd.cfm
South Dakota State University,Data Science,M,F,T,US,SD,Brookings,Mathematics and Statistics,http://www.sdstate.edu/mathstat/grad/masters-in-data-science.cfm
Austin Peay State University,Professional Science Master's in Data Management and Analysis,M,F,T,US,TN,Clarksville,Department of Computer Science and Information Technology,http://www.apsu.edu/csci/psm-information
Austin Peay State University,Professional Science Master's Degree in Predictive Analytics,M,F,T,US,TN,Clarksville,Department of Mathematics and Statistics,https://www.apsu.edu/csci/psm-information
Middle Tennessee State University,Master of Science in Professional Science (M.S.) with a concentration in Health Care Informatics,M,T,T,US,TN,Murfreesboro,College of Basic and Applied Sciences,http://catalog.mtsu.edu/preview_program.php?catoid=9&poid=2308&returnto=377
Middle Tennessee State University,Master of Science in Information Systems (Business Intelligence and Analytics Concentration),M,F,T,US,TN,Murfreesboro,Department of Computer Information Systems,http://www.mtsu.edu/graduate/programs/info_bia.php
Tennessee Technological University,Professional Science Master's Degree in Environmental Informatics,M,T,F,US,TN,Cookeville,College of Interdisciplinary Studies,https://www.tntech.edu/is/ses/psm/psmei
The University of Tennessee,Master of Science in Business Analytics,M,F,T,US,TN,Knoxville,College of Business Administration,http://bus.utk.edu/soms/analytics/
The University of Tennessee,MBA with Business Analytics Concentration,M,T,F,US,TN,Knoxville,College of Business Administration,http://mba.utk.edu/program-basics/business-analytics.asp
The University of Tennessee at Chattanooga,Professional MBA with Business Analytics,M,T,F,US,TN,Chattanooga,College of Business,http://www.utc.edu/college-business/academic-programs/mba/index.php
University of Memphis,Master's Program in Bioinformatics,M,T,F,US,TN,Memphis,College of Arts and Sciences,http://memphis.edu/binf/
Southern Methodist University,Statistics and Data Analytics,M,F,T,US,TX,Dallas,Statistics,http://www.smu.edu/Dedman/Academics/Departments/Statistics/AppliedMSProgram
Southern Methodist University,Online Master of Science in Data Science,M,T,F,US,TX,Dallas,Data Science,http://datascience.smu.edu
St. Mary's University,Data Analytics,B,F,T,US,TX,,Business,https://www.stmarytx.edu/academics/business/undergraduate/accounting-data-analytics-major/
Tarleton State University,M.S. in Mathematical Data Mining,M,F,T,US,TX,Stephenville,Department of Mathematics,http://www.tarleton.edu/Costweb/math/degrees/graduate.html#MSDataMining
Texas A & M University-College Station,M.S. in Analytics,M,T,F,US,TX,College Station,Department of Statistics,http://analytics.stat.tamu.edu/
Texas A & M University-College Station,Online M.S. in Applied Statistics,M,F,T,US,TX,College Station,Department of Statistics,http://www.stat.tamu.edu/dist/programs.php
The University of Texas at Austin,Master of Science in Business Analytics,M,F,T,US,TX,Austin,Red McCombs School of Business,http://www.mccombs.utexas.edu/business-analytics.aspx
The University of Texas at Dallas,Master of Science in Marketing with Specialization in Marketing Analytics,M,T,F,US,TX,Richardson,Naveen Jindal School of Management,http://jindal.utdallas.edu/academic-areas/marketing/master-of-science-in-marketing/ms-in-marketing-course-descriptions/
The University of Texas at Dallas,Master of Science in Healthcare Management with Specialization in Healthcare informatics,M,T,F,US,TX,Richardson,Naveen Jindal School of Management,http://jindal.utdallas.edu/academic-programs/masters-programs/master-of-science-in-healthcare-management/
The University of Texas at Dallas,Master of Science in Business Analytics,M,F,T,US,TX,Richardson,Jindal School of Management,http://www.utdallas.edu/admissions/graduate/degrees/detail.php?d=1791
The University of Texas at San Antonio,Master of Science in Applied Statistics,M,T,F,US,TX,San Antonio,College of Business,http://graduateschool.utsa.edu/future-students/academic-programs/applied-statistics-m.s
University of Dallas,MS or MBA - Business Analytics,M,F,T,US,TX,Dallas,Satish and Yasmin Gupta College of Business,http://www.udallas.edu/cob/ms/business_analytics/index.html
University of North Texas,MS - Business Analytics,M,F,T,US,TX,Denton,College of Business,http://www.cob.unt.edu/programs/masters/tracksheets/MS%20Business%20Analytics.pdf
University of Utah,MS in Computing: Data Management & Analysis,M,T,T,US,UT,Salt Lake City,School of Computing,http://www.cs.utah.edu/graduate/hb2014-15/gradhbk2014-15-ms-guidelines/
George Mason University,Spatial Business Intelligence Graduate Certificate,C,T,F,US,VA,Fairfax,School of Management,http://catalog.gmu.edu/preview_program.php?catoid=5&poid=3296&returnto=85
George Mason University,MS in Computational Science,M,F,T,US,VA,Fairfax,"School of Physics, Astronomy, and Computational Sciences",http://spacs.gmu.edu/ms-in-computational-science/
George Mason University,Computational Data Sciences Minor,B,F,T,US,VA,Fairfax,"School of Physics, Astronomy, and Computational Sciences",http://spacs.gmu.edu/minor-in-computational-and-data-sciences/
George Mason University,Computational Sciences and Informatics,D,F,T,US,VA,Fairfax,"School of Physics, Astronomy, and Computational Sciences",http://spacs.gmu.edu/phd-in-computational-sciences-and-informatics/
George Mason University,MS in Data Analytics Engineering,M,T,F,US,VA,Fairfax,Volgenau School of Engineering,http://volgenau.gmu.edu/dae
George Mason University,Masters in Information Systems,M,F,T,US,VA,Fairfax,Department of Computer Science,https://cs.gmu.edu/programs/masters/infs/
Radford University,MS in Data and Information Management,M,T,F,US,VA,Radford,College of Science and Technology: Department of Information Technology,http://www.radford.edu/content/csat/home/daim/about.html
University of Virginia,Master of Science in Data Science (MSDS),M,T,F,US,VA,Charlottesville,Data Science Institute,http://dsi.virginia.edu/academics
Virginia Commonwealth University,"Master of Science in Business, concentration in Decision Sciences and Business Analytics",M,F,T,US,VA,Richmond,School of Business,http://www.pubapps.vcu.edu/bulletins/prog_search/?did=20172
Virginia Polytechnic Institute and State University,Computational Modeling and Data Analytics,B,F,T,US,VA,Blacksburg,College of Science,http://www.science.vt.edu/ais/cmda/
Statistics.com,Analytics for Data Science,C,T,F,US,VA,Arlington,,http://www.statistics.com/analytics-for-data-science/
Bellevue College,Healthcare Data Analyst Certificate,C,T,F,US,WA,Bellevue,Bellevue College Continuing Education,http://www.bellevuecollege.edu/ce/healthcare-classes/healthcare-data-analyst-certificate/
City University of Seattle,Master of Science in Computer Systems with Concentration in Big Data Management,M,F,T,US,WA,Seattle,Technology Institute,http://www.cityu.edu/programs/ti/ms_computer_systems.aspx
Seattle University,Graduate Certificate in Business Analytics,C,T,F,US,WA,Seattle,Albers School of Business and Economics,http://www.seattleu.edu/albers/graduate/certificates/analytics/
University of Washington-Seattle Campus,Certificate in Data Science,C,F,T,US,WA,Seattle,UW Department of Computer Science & Engineering,http://escience.washington.edu/content/certificate-data-science
University of Washington-Tacoma Campus,Big Data,D,F,T,US,WA,,Interdisciplinary,http://escience.washington.edu/education-IGERT
University of Washington-Tacoma Campus,Certificate in Business Analysis,C,T,T,US,WA,Tacoma,Professional and Continuing Education,http://www.pce.uw.edu/certificates/business-analysis.html
University of Washington-Tacoma Campus,Certificate in Business Intelligence,C,F,T,US,WA,Tacoma,UW Department of Computer Science & Engineering,http://www.pce.uw.edu/certificates/business-intelligence-decision-making.html
University of Wisconsin-Madison,Master of Engineering in Applied Computing and Engineering Data Analytics,M,F,T,US,WI,Madison,Department of Engineering Professional Development, https://epd.wisc.edu/online-degree/applied-computing-and-engineering-data-analytics/
University of Wisconsin Colleges,Online Master of Science in Data Science,M,F,T,US,WI,Madison,UW Extension,http://datasciencedegree.wisconsin.edu/
University of Wisconsin Colleges,Graduate Certificate in Business Analytics (UW-Milwaukee),C,T,F,US,WI,Madison,Lubar School of Business,http://ecampus.wisconsin.edu/online-certificate/certificate-in-business-analytics-uw-milwaukee.aspx
University of Wisconsin-Madison,Master of Science in Statistics - Data Science,M,F,T,US,WI,Madison,Department of Statistics,https://advanceyourcareer.wisc.edu/degrees/data-science/
University of Wisconsin-Milwaukee,Online Graduate Certificate in Business Analytics,C,F,F,US,WI,Milwaukee,The Lubar School of Business,http://www4.uwm.edu/business/programs/certificates/business-analytics.cfm
West Virginia University,Master of Professional Studies in Statistical and Data Sciences,M,F,T,US,WV,Morgantown,Department of Statistics,http://www.stat.wvu.edu/Programs/mpsstat.html
Sabanc University,Data Science,M,F,T,TR,,,Engineering,http://da.sabanciuniv.edu/en
National University of Singapore,Business Analytics,M,F,T,SG,,,,http://msba.nus.edu/home
Dalarna University,Business Intelligence,M,F,T,SE,,,,http://www.du.se/en/bi
Kth Royal Institute Of Technology,Machine Learning,M,F,T,SE,,,,http://www.kth.se/en/studies/programmes/master/programmes/it/machinelearning
Linkping University,Statistics And Data Mining,M,F,T,SE,,,,http://www.liu.se/utbildning/pabyggnad/F7MSM?l=en
Universidade Nova de Lisboa,Information Management,M,F,T,PT,,,Statistics And Information Management,http://www.isegi.unl.pt/MGI/Especializacao/Gestao-Sistemas-Tecnologias-Informacao/Detalhe-do-Curso/plano-de-estudos.asp
University of Otago,Business Data Science,M,F,T,NZ,,,Business,http://www.otago.ac.nz/business/study/postgraduate/otago052118.html
Massey University,Data Science,B,F,T,NZ,,Auckland,,http://www.massey.ac.nz/massey/learning/programme-course-paper/programme.cfm?prog_id=92411&major_code=2913
Massey University,Analytics,M,F,T,NZ,,Auckland,,http://www.massey.ac.nz/massey/learning/programme-course-paper/programme.cfm?prog_id=93537
Erasmus University,Big Data and Business Analytics,M,F,T,NL,,,,http://www.rsm.nl/master/msc-business-information-management/curriculum/starting-point/electives/big-data-and-business-analytics-block-5/
Maastricht University,Artificial Intelligence,M,F,T,NL,,,,http://www.maastrichtuniversity.nl/web/Schools/DKE/TargetGroup/ProspectiveStudents/MastersProgrammes/ArtificialIntelligence.htm
Maastricht University,Business Intelligence,M,F,T,NL,,,,http://www.maastrichtuniversity.nl/web/show/id=378498/langid=42
Radboud Universiteit Nijmegen,Business Analysis and Modelling,M,F,T,NL,,,,http://www.ru.nl/businessadministration/study_programmes/master%27s_programmes_0/business_analysis/
Eindhoven University of Technology(TU/e),Data Science in Engineering,M,F,T,NL,,Eindhoven,,http://www.tue.nl/en/education/tue-graduate-school/masters-programs/data-science-in-engineering/
Utrecht University,Business Informatics,M,F,T,NL,,,Information and Computing Sciences,http://www.cs.uu.nl/education/
Vrije Universiteit Amsterdam,Business Analytics,M,F,T,NL,,,,http://www.vu.nl/nl/opleidingen/masteropleidingen/opleidingenoverzicht/a-b/business-analytics/index.asp
Mykolas Romeris University,Business Informatics,M,F,T,LT,,,,https://stdb.mruni.eu/studiju_programos_aprasas.php?id=2481&l=en
BAICR,Data Science,M,F,T,IT,,,,http://www.baicr.it/palinsesto-geografico/data-science
Polytechnic University Of Turin,Big Data Engineering,M,F,T,IT,,,,https://didattica.polito.it/portal/pls/portal/sviluppo.master.html?cds=73&sdu=32&a_acc=2013&p=presentazione&l=en
University Of Milan-Bicocca,Business Intelligence & Decision Support Systems,M,F,T,IT,,,,http://www.bimasterbicocca.it/index.php?lang=en
University Of Pisa,Business Informatics,M,F,T,IT,,,,http://www.unipi.it/index.php/ects/ects?ects_id=WBI-LM
Ben-Gurion University Of The Negev,Data Mining And Business Intelligence,M,F,T,IL,,,,http://in.bgu.ac.il/en/engn/ise/Pages/Data_Mining_BI_En.aspx
Dublin City University,Data Analytics,M,F,T,IE,,,,http://www.dcu.ie/prospective/deginfo.php?classname=MCM
Dublin Institute Of Technology,Data Analytics,M,F,T,IE,,,,http://www.dit.ie/postgrad/programmes/dt228adt228bmscincomputingdataanalytics/
Institute Of Technology Blanchardstown,Business Intelligence & Data Mining,M,F,T,IE,,,,http://www.itb.ie/StudyatITB/bn518BID.html
Irish Management Institute,Data Business,M,F,T,IE,,,,http://www.imi.ie/news-and-events/we-mean-business-with-data-business/
National College Of Ireland,Data Analytics,C,F,T,IE,,,,http://www.ncirl.ie/Courses/Course-Details/course/Higher-Diploma-in-Science-in-Web-Technologies-HDSWTECH1
"National University Of Ireland, Galway",Information Systems Management,M,F,T,IE,,,,http://www.nuigalway.ie/courses/taught-postgraduate-courses/information-systems-management.html
University College Cork,Data Science and Analytics,M,F,T,IE,,,,http://www.ucc.ie/en/ckr49/
University College Dublin,Business Analytics,M,F,T,IE,,,Business,http://www.smurfitschool.ie/businessanalytics/
University College Dublin,Business Analytics,B,F,T,IE,,,Business,https://myucd.ucd.ie/course.do?courseID=139
Chinese University of Hong Kong,Data Science and Business Statistics,M,F,T,HK,,,,http://www.sta.cuhk.edu.hk/mscdbs/DBSdefault.asp
Hong Kong University of Science & Technology,Risk Management and Business Intelligence,B,F,T,HK,,,,http://www.rmbi.ust.hk/
Aston University,Business Analytics,M,F,T,GB,,,,http://www1.aston.ac.uk/aston-business-school/programmes/postgraduate/msc-programmes/msc-business-analytics-and-information-systems-management/
Birmingham City University,Business Intelligence,M,F,T,GB,,,,http://www.bcu.ac.uk/courses/msc-business-intelligence
Bournemouth University,Applied Data Analytics,M,F,T,GB,,,,http://courses.bournemouth.ac.uk/courses/postgraduate-degree/applied-data-analytics/msc/1975/course_content-course_content/
"Brunel University, London",Business Intelligence and Social Media,M,F,T,GB,,,,http://www.brunel.ac.uk/courses/postgraduate/N100PBUSINSM
City University London,Data Science,M,F,T,GB,,,,http://www.city.ac.uk/courses/postgraduate/data-science-msc
Coventry University,Data Science and Computational Intelligence,M,F,T,GB,,,,http://www.coventry.ac.uk/course-structure/2013/faculty-of-engineering-and-computing/postgraduate-degree-mba-msc-ma/data-science-and-computational-intelligence-msc/
De Montfort University,Business Intelligence Systems And Data Mining,M,F,T,GB,,,,http://www.dmu.ac.uk/study/courses/postgraduate-courses/business-intelligence-systems-and-data-mining-msc.aspx
"Goldsmiths, University of London",Data Science,M,F,T,GB,,,,http://www.gold.ac.uk/pg/msc-data-science/
Imperial College London,Computing (Machine Learning),M,F,T,GB,,,,http://www3.imperial.ac.uk/computing/teaching/pg/mcsml
Leeds Met,usiness Intelligence,M,F,T,GB,,,,http://courses.leedsmet.ac.uk/businessintelligencesas_msc
Newcastle University,Cloud Computing for Big Data,D,F,T,GB,,,Computing Science / Mathematics and Statistics,http://teaching.ncl.ac.uk/ccfbd-cdt
Robert Gordon University,Information Engineering,M,F,T,GB,,,,http://www.rgu.ac.uk/computing/study-options/postgraduate-taught-full-time/computing-information-engineering
"Royal Holloway, University Of London",Data Science And Analytics,M,F,T,GB,,,,http://www.rhul.ac.uk/computerscience/prospectivestudents/postgraduatetaught/bigdata.aspx
Sheffield Hallam University,Web and Cloud Computing,M,F,T,GB,,,,http://www.shu.ac.uk/prospectus/course/1064/content/
Sheffield Hallam University,Big Data Analytics,M,F,T,GB,,,,http://www.shu.ac.uk/prospectus/course/1250/
The University Of Edinburgh,Informatics,M,F,T,GB,,,,http://www.ed.ac.uk/schools-departments/informatics/postgraduate/msc/msc-informatics
The University Of Manchester,Data And Knowledge Management,M,F,T,GB,,,,http://www.manchester.ac.uk/postgraduate/taughtdegrees/courses/atoz/course/?code=08345&pg=2
University College London,Web Science And Big Data Analytics,M,F,T,GB,,,,http://www.cs.ucl.ac.uk/admissions/msc_web_science/
University College London,Computational Statistics And Machine Learning,M,F,T,GB,,,,http://www.csml.ucl.ac.uk/courses/msc_csml/
University College London,Machine Learning,M,F,T,GB,,,,http://www.csml.ucl.ac.uk/courses/msc_ml/
University Of Bristol,Machine Learning And Data Mining,M,F,T,GB,,,,http://www.bristol.ac.uk/prospectus/postgraduate/2013/prog_details/ENGF/247
University of Derby,Data Science,B,F,T,GB,,,,http://www.derby.ac.uk/courses/data-science-bsc-hons/
University of Derby,Analytics,B,F,T,GB,,,,http://www.derby.ac.uk/courses/analytics-joint-honours/
University of Derby,Information Technology - Analytics,B,F,T,GB,,,,http://www.derby.ac.uk/courses/information-technology-bsc-hons/
University of Derby,Big Data Analytics,M,F,T,GB,,,,http://www.derby.ac.uk/courses/postgraduate/big-data-analytics-msc/
University of Dundee,Data Science,M,F,T,GB,,,Computing,http://www.computing.dundee.ac.uk/newsandevents/newsdetail.asp?978
University Of East Anglia,Knowledge Discovery And Data Mining,M,F,T,GB,,,,http://www.uea.ac.uk/study/postgraduate/taught-degree/detail/msc-knowledge-discovery-and-datamining
University Of East London,Data Mining And Knowledge Management,M,F,T,GB,,,,http://www.uel.ac.uk/postgraduate/specs/datamining/
University Of Essex,Big Data And Text Analytics,M,F,T,GB,,,,http://www.essex.ac.uk/csee/pg_taught/mscbigdata.aspx?goback=.gde_115439_member_193676745
University Of Greenwich,Data Warehousing And Data Mining,M,F,T,GB,,,,http://www.cms.gre.ac.uk/postgraduate/dwadm.asp
University of Kent,Business Analytics,M,F,T,GB,,,,http://www.kent.ac.uk/kbs/pg-taught/programmes/msc-mgmntsci-analytics.html
University Of Leeds,Advanced Computer Science(Data Analytics),M,F,T,GB,,,Computer Science,http://www.engineering.leeds.ac.uk/computing/postgraduate/masters-advanced-computer-science/
University of Leicester,Data Analysis for Business Intelligence,M,F,T,GB,,,,http://www2.le.ac.uk/study/postgrad/taught-campus/mathematics/analysis
University Of Liverpool,Data Mining,M,F,T,GB,,,,http://www.liv.ac.uk/study/postgraduate/taught/faculty-of-science-and-engineering/school-of-electrical-engineering-electronics-and-computer-science/computer-science/mres/advanced-science-computer-sciences-data-mining-pathway/overview/
University of Manchester,Business Analytic,M,F,T,GB,,,,http://www.mbs.ac.uk/masters/courses/analytics-operational-research-risk-analysis/index.aspx
University of Nottingham,Data Science,B,F,T,GB,,,Computer Science,http://www.nottingham.ac.uk/ugstudy/courses/computerscience/bsc-data-science.aspx
University of Southampton,Business Analytics and Management Sciences,M,F,T,GB,,,,http://www.southampton.ac.uk/postgraduate/pgstudy/programmes/management/msc_business_analytics_management_sciences.html
University Of St Andrews,Applied Statistics And Data Mining,M,F,T,GB,,,,http://www.creem.st-and.ac.uk/datamining/
University of Strathclyde,Business Analysis and Consulting,M,T,T,GB,,,,http://www.strath.ac.uk/mansci/prospectivestudents/mscbusinessanalysisandconsulting/
University of Surrey,Business Analytics,M,F,T,GB,,,Business,http://www.surrey.ac.uk/postgraduate/courses/business/businessanalytics/
University of Warwick,Business Analytics & Consulting,M,F,T,GB,,,,http://www.wbs.ac.uk/courses/postgraduate/business-analytics-and-consulting/
University of Warwick,Data Science,B,F,T,GB,,,,http://www2.warwick.ac.uk/fac/sci/statistics/courses/datsci
University Of Warwick,Data Analytics,M,F,T,GB,,,,http://www2.warwick.ac.uk/fac/sci/dcs/admissions/taughtmsc/da-msc/
University Of Westminster,Business Intelligence And Analytics,M,F,T,GB,,,,http://www.westminster.ac.uk/courses/subjects/business-information-systems/postgraduate-courses/part-time-evening-only/p09epbua-msc-business-intelligence-and-analytics
Data ScienceTech Institute,Data Scientist Designer,M,F,T,FR,,Paris,,https://www.datasciencetech.institute/master-programme-msc-data-scientist-designer/
Data ScienceTech Institute,Big Data Analyst,M,F,T,FR,,Nice,,https://www.datasciencetech.institute/master-programme-msc-executive-big-data-analyst/
EISTI,Business Analytics,M,F,T,FR,,,,http://www.eisti.fr/en/master-business-analytics-architecture-data-exploration-and-optimization-adeo
ENSAE Paris Tech,Data Science Specialisation,B,F,T,FR,,,,http://www.ensae.fr/formations-navhorizontale-172/statisticien-conomiste-navhorizontale-48/3me-anne-voies-de-spcialisation-formationsdiplome-96/data-science-cours-3a.html
Telecom Paris Tech,Big Data,M,F,T,FR,,,,http://www.telecom-paristech.fr/formation-continue/masteres-specialises/big-data.html
Telecom Sudparis,Automatic Data Processing,M,F,T,FR,,,,http://www.telecom-sudparis.eu/msc?idm=25
Universit Pierre Et Marie Curie,Artificial Intelligence And Decision Specialization,M,F,T,FR,,,,http://www.upmc.fr/en/education/diplomas/sciences_and_technologies/masters/master_of_computer_science/artificial_intelligence_and_decision_specialization_m2.html
Aalto University,Machine Learning And Data Mining,M,F,T,FI,,,,http://www.aalto.fi/en/studies/education/programme/machine_learning_data_mining_master/
University Of Helsinki,Algorithms And Machine Learning,M,F,T,FI,,,,http://www.cs.helsinki.fi/en/prospective/algorithms-and-machine-learning
Universit De Nantes,Data Mining And Knowledge Management,M,F,T,EU,,,,http://www.em-dmkm.eu/
Barcelona School of Management,Management - Business Analytics,M,F,T,ES,,,,http://www.barcelonaschoolofmanagement.upf.edu/master-of-science-in-management-specialization-in-business-analytics
Instituto de Empresa,Business Analytics and Big Data,M,F,T,ES,,,,http://mbd.ie.edu/
Universidad Rey Juan Carlos,Data Science,M,F,T,ES,,Madrid,,http://www.masterdatascience.es/
Universitat Pompeu Fabra,Intelligent Interactive Systems,M,F,T,ES,,,,http://www.upf.edu/iis/program.html
Universities Of Alicante,Machine Learning And Data Mining,M,F,T,ES,,,,http://www.iuii.ua.es/MLDM/overview.php
University of Barcelona,Data Science,M,F,T,ES,,,,http://www.barcelonagse.eu/data-science-master-degree.html
University of Oviedo,Master in Soft Computing and Intelligent Data Analysis,M,F,T,ES,Asturias,Mieres,European Centre for Soft Computing,http://www.softcomputing.es/metaspace/portal/5/254-about
Aalborg University,Data Engineering,M,F,T,DK,,,,http://www.studyguide.aau.dk/programmes/postgraduate/55777/
Aarhus University,Industrial Phd In Big Data Analysis,D,F,T,DK,,,,http://icoa.au.dk/news/single/artikel/seeking-candidate-for-industrial-phd/
Aarhus University,Business Intelligence,M,F,T,DK,,,,http://kandidat.au.dk/en/economics-and-business-administration-business-intelligence/
Technical University of Denmark,Data Science,M,F,T,DK,,,Department of Applied Mathematics and Computer Science,http://www.compute.dtu.dk/english/education/Data-Science-Big-Data
Otto Von Guericke University Magdeburg,Data And Knowledge Engineering,M,F,T,DE,,,,http://www.uni-magdeburg.de/unimagdeburg/en/Education/Study+Guide/Study+Programmes+with+English+as+Language+of+Instruction/Data+and+Knowledge+Engineering.html
TU Dortmund,Data Analysis and Management,B,F,T,DE,,,Statistics,http://www.statistik.tu-dortmund.de/701.html
TU Dortmund,Data Science,M,F,T,DE,,,Statistics,http://www.statistik.tu-dortmund.de/703.html
Universitt Konstanz,Information Engineering,M,F,T,DE,,,,http://www.informatik.uni-konstanz.de/en/interestedparties/master/
Queen's University,Management Analytics,M,F,T,CA,,,Business,http://business.queensu.ca/grad_studies/mma/
Simon Fraser University,Big Data,M,F,T,CA,,Burnaby,School of Computing Science,http://www.sfu.ca/computing/prospective-students/graduate-students/academic-programs/bigdata.html
University Of Alberta,Statistical Machine Learning,M,F,T,CA,,,,https://www.cs.ualberta.ca/graduate-students/msc-program-requirements/statistical-machine-learning
University of the Fraser Valley,Data Analysis,C,F,T,CA,,,Mathematics and Statistics,http://www.ufv.ca/math/data-analysis/
York University,Business Analytics,M,F,T,CA,,,,http://www.schulich.yorku.ca/client/schulich/Schulich_LP4W_LND_WebStation.nsf/page/MSc+in+Business+Analytics?OpenDocument
Mackenzie Presbyterian Institute,Big Data Analytics,M,F,T,BR,,,,http://www.mackenzie.br/27582.html
Deakin University,Business Analytics,M,F,T,AU,,,,http://www.deakin.edu.au/future-students/courses/course.php?course=M760&stutype=local&keywords=information+systems
Macquarie University,Data Science,M,F,T,AU,,,,http://courses.mq.edu.au/postgraduate/master/master-of-data-science
University of South Australia,Data Science,M,F,T,AU,,Mawson Lakes,,http://programs.unisa.edu.au/public/pcms/program.aspx?pageid=3144&sid=5278
University of Technology Sydney,Analytics,D,F,T,AU,,,,https://www.uts.edu.au/research-and-teaching/our-research/advanced-analytics-institute/research-student-opportunities-0
Vienna University,Information Systems,M,F,T,AT,,,Business,http://www.wu.ac.at/programs/en/master/is/structure/firstyear
